#### 23.2.3.1 Range Columns分区

范围列分区与范围分区类似，但允许您使用基于多个列值的范围来定义分区。此外，您可以使用除整数类型之外的类型列来定义范围。

`RANGE COLUMNS` 分区在以下方面与 `RANGE` 分区显着不同 :

- `RANGE COLUMNS` 不接受表达式，只接受列的名称。

- `RANGE COLUMNS` 接受一列或多列。

  `RANGE COLUMNS` 分区基于元组之间的比较 ( 列值列表 )，而不是标量值之间的比较。`RANGE COLUMNS` 分区中行的放置也基于元组之间的比较。这将在本节后面进一步讨论。

- `RANGE COLUMNS` 分区列不限于整数列，`string`、[`DATE`](https://dev.mysql.com/doc/refman/8.0/en/datetime.html) 和 [`DATETIME`](https://dev.mysql.com/doc/refman/8.0/en/datetime.html) 列也可用作分区列。( 有关详细信息，请参见 [第23.2.3节"列分区"](https://dev.mysql.com/doc/refman/8.0/en/partitioning-columns.html)。)

创建由 `RANGE COLUMNS` 分区的表的基本语法如下所示 :

```sql
CREATE TABLE table_name
PARTITIONED BY RANGE COLUMNS(column_list) (
    PARTITION partition_name VALUES LESS THAN (value_list)[,
    PARTITION partition_name VALUES LESS THAN (value_list)][,
    ...]
)

column_list:
    column_name[, column_name][, ...]

value_list:
    value[, value][, ...]
```

> **注意**
>
> 并非所有创建分区表时可以使用的 [`CREATE TABLE`](https://dev.mysql.com/doc/refman/8.0/en/create-table.html) 选项都显示在此处。有关完整信息，请参阅 [第13.1.20节"创建表语法"](https://dev.mysql.com/doc/refman/8.0/en/create-table.html)。

在刚刚显示的语法中，`column_list` 是一个或多个列的列表 ( 有时称为分区列列表 )，`value_list` 是值列表 ( 即它是分区定义值列表 )。必须为每个分区定义提供 `value_list`，并且每个 `value_list` 必须具有与 `column_list` 具有列相同的值数。一般来说，如果在 `COLUMNS` 子句中使用 `N` 列，则还必须为每个 `VALUES LESS THAN` 子句提供 `N` 个值的列表。

分区列列表和定义每个分区的值列表中的元素必须以相同的顺序出现。此外，值列表中的每个元素必须与列列表中的相应元素具有相同的数据类型。但是，分区列列表中的列名称和值列表的顺序不必与 [`CREATE TABLE`](https://dev.mysql.com/doc/refman/8.0/en/create-table.html) 语句主要部分中的表列定义的顺序相同。与 `RANGE` 分区的表一样，您可以使用 `MAXVALUE` 来表示一个值，以便插入给定列的任何合法值始终小于此值。下面是一个 [`CREATE TABLE`](https://dev.mysql.com/doc/refman/8.0/en/create-table.html) 语句的示例，它有助于说明所有这些要点 :

```sql
mysql> CREATE TABLE rcx (
    ->     a INT,
    ->     b INT,
    ->     c CHAR(3),
    ->     d INT
    -> )
    -> PARTITION BY RANGE COLUMNS(a,d,c) (
    ->     PARTITION p0 VALUES LESS THAN (5,10,'ggg'),
    ->     PARTITION p1 VALUES LESS THAN (10,20,'mmm'),
    ->     PARTITION p2 VALUES LESS THAN (15,30,'sss'),
    ->     PARTITION p3 VALUES LESS THAN (MAXVALUE,MAXVALUE,MAXVALUE)
    -> );
Query OK, 0 rows affected (0.15 sec)
```

表 `rcx` 包含列 `a, b, c, d`。提供给 `COLUMNS` 子句的分区列列表使用其中3列，顺序为 `a, d, c`。 用于定义分区的每个值列表包含3个相同顺序的值。也就是说，每个值列表元组具有形式 ( `INT，INT，CHAR(3)` )，其对应于列 `a, b, c` ( 按此顺序 ) 使用的数据类型。

将行放入分区是通过比较要插入的与 `COLUMNS` 子句中的列列表匹配的行的元组与 `VALUES LESS THAN` 子句中使用的元组来定义表的分区来确定的。**因为我们比较元组 ( 即列表或值集 ) 而不是标量值，所以与 `RANGE COLUMNS` 分区一起使用的 `VALUES LESS THAN` 的语义与简单的 `RANGE` 分区的情况略有不同。**在 `RANGE` 分区中，生成表达式值的行等于 `VALUES LESS THAN` 中的限制值永远不会放在相应的分区中。**但是在使用 `RANGE COLUMNS` 分区时，有时可能会将分区列列表的第一个元素的值与 `VALUES LESS THAN` 值列表中第一个元素的值相等的行放在相应的分区中。**

考虑由此语句创建的 `RANGE` 分区表 :

```sql
CREATE TABLE r1 (
    a INT,
    b INT
)
PARTITION BY RANGE (a)  (
    PARTITION p0 VALUES LESS THAN (5),
    PARTITION p1 VALUES LESS THAN (MAXVALUE)
);
```

如果我们在此表中插入3行，使得每行的 `a` 的列值为5，则所有3行都存储在分区 `p1` 中，因为 `a` 列值在每种情况下都不小于5，正如我们通过执行对 [`INFORMATION_SCHEMA.PARTITIONS`](https://dev.mysql.com/doc/refman/8.0/en/partitions-table.html) 表的正确查询 :

```sql
mysql> INSERT INTO r1 VALUES (5,10), (5,11), (5,12);
Query OK, 3 rows affected (0.00 sec)
Records: 3  Duplicates: 0  Warnings: 0

mysql> SELECT PARTITION_NAME,TABLE_ROWS
    ->     FROM INFORMATION_SCHEMA.PARTITIONS
    ->     WHERE TABLE_NAME = 'r1';
+----------------+------------+
| PARTITION_NAME | TABLE_ROWS |
+----------------+------------+
| p0             |          0 |
| p1             |          3 |
+----------------+------------+
2 rows in set (0.00 sec)
```

现在考虑一个类似的表 `rc1`，它使用 `RANGE COLUMNS` 分区，并在 `COLUMNS` 子句中引用列 `a` 和 `b`，如下所示创建 :

```sql
CREATE TABLE rc1 (
    a INT,
    b INT
)
PARTITION BY RANGE COLUMNS(a, b) (
    PARTITION p0 VALUES LESS THAN (5, 12),
    PARTITION p3 VALUES LESS THAN (MAXVALUE, MAXVALUE)
);
```

如果我们在 `rc1` 中插入完全相同的行，就像我们刚刚插入到 `r1` 中那样，行的分布是完全不同的 :

```sql
mysql> INSERT INTO rc1 VALUES (5,10), (5,11), (5,12);
Query OK, 3 rows affected (0.00 sec)
Records: 3  Duplicates: 0  Warnings: 0

mysql> SELECT PARTITION_NAME,TABLE_ROWS
    ->     FROM INFORMATION_SCHEMA.PARTITIONS
    ->     WHERE TABLE_NAME = 'rc1';
+--------------+----------------+------------+
| TABLE_SCHEMA | PARTITION_NAME | TABLE_ROWS |
+--------------+----------------+------------+
| p            | p0             |          2 |
| p            | p1             |          1 |
+--------------+----------------+------------+
2 rows in set (0.00 sec)
```

这是因为我们比较行而不是标量值。我们可以比较用于定义表 `rc1` 中的分区 `p0` 的 `VALUES THAN LESS THAN` 子句中插入的行值和限制行值，如下所示 :

```sql
mysql> SELECT (5,10) < (5,12), (5,11) < (5,12), (5,12) < (5,12);
+-----------------+-----------------+-----------------+
| (5,10) < (5,12) | (5,11) < (5,12) | (5,12) < (5,12) |
+-----------------+-----------------+-----------------+
|               1 |               1 |               0 |
+-----------------+-----------------+-----------------+
1 row in set (0.00 sec)
```

2元组 `(5, 10)` 和 `(5, 11)` 的计算结果小于 `(5, 12)`，因此它们存储在分区 `p0` 中。由于5不小于5且12不小于12，`(5, 12)` 被认为不小于 `(5, 12)`，并且存储在分区 `p1` 中。

前面示例中的 [`SELECT`](https://dev.mysql.com/doc/refman/8.0/en/select.html) 语句也可以使用显式行构造函数编写，如下所示 :

```sql
SELECT ROW(5,10) < ROW(5,12), ROW(5,11) < ROW(5,12), ROW(5,12) < ROW(5,12);
```

有关在MySQL中使用行构造函数的更多信息，请参见 [第13.2.11.5节"行子查询"](https://dev.mysql.com/doc/refman/8.0/en/row-subqueries.html)。

对于由 `RANGE COLUMNS` 仅使用单个分区列分区的表，在分区中存储行与由 `RANGE` 分区的等效表的行存储相同。以下 `CREATE TABLE` 语句使用1分区列创建由 `RANGE COLUMNS` 分区的表 :

```sql
CREATE TABLE rx (
    a INT,
    b INT
)
PARTITION BY RANGE COLUMNS (a)  (
    PARTITION p0 VALUES LESS THAN (5),
    PARTITION p1 VALUES LESS THAN (MAXVALUE)
);
```

如果我们将行 `(5, 10)`、`(5, 11)` 和 `(5, 12)` 插入到此表中，我们可以看到它们的位置与我们之前创建和填充的表 `r` 的位置相同 :

```sql
mysql> INSERT INTO rx VALUES (5,10), (5,11), (5,12);
Query OK, 3 rows affected (0.00 sec)
Records: 3  Duplicates: 0  Warnings: 0

mysql> SELECT PARTITION_NAME,TABLE_ROWS
    ->     FROM INFORMATION_SCHEMA.PARTITIONS
    ->     WHERE TABLE_NAME = 'rx';
+--------------+----------------+------------+
| TABLE_SCHEMA | PARTITION_NAME | TABLE_ROWS |
+--------------+----------------+------------+
| p            | p0             |          0 |
| p            | p1             |          3 |
+--------------+----------------+------------+
2 rows in set (0.00 sec)
```

还可以创建由 `RANGE COLUMNS` 分区的表，其中在连续的分区定义中重复一列或多列的限制值。只要用于定义分区的列值元组严格增加，就可以执行此操作。例如，以下每个 [`CREATE TABLE`](https://dev.mysql.com/doc/refman/8.0/en/create-table.html) 语句都有效 :

```sql
CREATE TABLE rc2 (
    a INT,
    b INT
)
PARTITION BY RANGE COLUMNS(a,b) (
    PARTITION p0 VALUES LESS THAN (0,10),
    PARTITION p1 VALUES LESS THAN (10,20),
    PARTITION p2 VALUES LESS THAN (10,30),
    PARTITION p3 VALUES LESS THAN (MAXVALUE,MAXVALUE)
 );

CREATE TABLE rc3 (
    a INT,
    b INT
)
PARTITION BY RANGE COLUMNS(a,b) (
    PARTITION p0 VALUES LESS THAN (0,10),
    PARTITION p1 VALUES LESS THAN (10,20),
    PARTITION p2 VALUES LESS THAN (10,30),
    PARTITION p3 VALUES LESS THAN (10,35),
    PARTITION p4 VALUES LESS THAN (20,40),
    PARTITION p5 VALUES LESS THAN (MAXVALUE,MAXVALUE)
 );
```

下面的语句也会成功，即使乍一看它也不会成功，因为 `b` 列的限制值对于分区 `p0` 是25而对于分区 `p1` 是20，并且对于分区 `p1` 而言列 `c` 的限制值是100 分区 `p2` 为50 :

```sql
CREATE TABLE rc4 (
    a INT,
    b INT,
    c INT
)
PARTITION BY RANGE COLUMNS(a,b,c) (
    PARTITION p0 VALUES LESS THAN (0,25,50),
    PARTITION p1 VALUES LESS THAN (10,20,100),
    PARTITION p2 VALUES LESS THAN (10,30,50)
    PARTITION p3 VALUES LESS THAN (MAXVALUE,MAXVALUE,MAXVALUE)
 );
```

在设计由 `RANGE COLUMNS` 分区的表时，您始终可以通过使用 [mysql](https://dev.mysql.com/doc/refman/8.0/en/mysql.html) 客户端比较所需的元组来测试连续的分区定义，如下所示 :

```sql
mysql> SELECT (0,25,50) < (10,20,100), (10,20,100) < (10,30,50);
+-------------------------+--------------------------+
| (0,25,50) < (10,20,100) | (10,20,100) < (10,30,50) |
+-------------------------+--------------------------+
|                       1 |                        1 |
+-------------------------+--------------------------+
1 row in set (0.00 sec)
```

如果 [`CREATE TABLE`](https://dev.mysql.com/doc/refman/8.0/en/create-table.html) 语句包含的分区定义不是严格按递增顺序排列，则会失败并显示错误，如下例所示 :

```sql
mysql> CREATE TABLE rcf (
    ->     a INT,
    ->     b INT,
    ->     c INT
    -> )
    -> PARTITION BY RANGE COLUMNS(a,b,c) (
    ->     PARTITION p0 VALUES LESS THAN (0,25,50),
    ->     PARTITION p1 VALUES LESS THAN (20,20,100),
    ->     PARTITION p2 VALUES LESS THAN (10,30,50),
    ->     PARTITION p3 VALUES LESS THAN (MAXVALUE,MAXVALUE,MAXVALUE)
    ->  );
ERROR 1493 (HY000): VALUES LESS THAN value must be strictly increasing for each partition
```

当您收到此类错误时，可以通过在列列表之间进行"小于"比较来推断出哪些分区定义无效。在这种情况下，问题在于分区 `p2` 的定义，因为用于定义它的元组不小于用于定义分区 `p3` 的元组，如下所示 :

```sql
mysql> SELECT (0,25,50) < (20,20,100), (20,20,100) < (10,30,50);
+-------------------------+--------------------------+
| (0,25,50) < (20,20,100) | (20,20,100) < (10,30,50) |
+-------------------------+--------------------------+
|                       1 |                        0 |
+-------------------------+--------------------------+
1 row in set (0.00 sec)
```

使用 `RANGE COLUMNS` 时，`MAXVALUE` 也可能出现在多个 `VALUES LESS THAN` 子句中的同一列中。但是，连续分区定义中各列的限制值应该增加，应该定义不超过一个分区，其中 `MAXVALUE` 用作所有列值的上限，并且此分区定义应出现在列表的最后一个 `PARTITION ... VALUES LESS THAN` 语句。此外您不能将 `MAXVALUE` 用作多个分区定义中第一列的限制值。

如前所述，`RANGE COLUMNS` 分区也可以使用非整数列作为分区列。( 有关这些内容的完整列表，请参见 [第23.2.3节"列分区"](https://dev.mysql.com/doc/refman/8.0/en/partitioning-columns.html)。) 考虑使用以下语句创建的名为 `employees` ( 未分区 ) 的表 :

```sql
CREATE TABLE employees (
    id INT NOT NULL,
    fname VARCHAR(30),
    lname VARCHAR(30),
    hired DATE NOT NULL DEFAULT '1970-01-01',
    separated DATE NOT NULL DEFAULT '9999-12-31',
    job_code INT NOT NULL,
    store_id INT NOT NULL
);
```

使用 `RANGE COLUMNS` 分区，您可以创建此表的一个版本，根据员工的姓氏将每行存储在四个分区中的一个，如下所示 :

```sql
CREATE TABLE employees_by_lname (
    id INT NOT NULL,
    fname VARCHAR(30),
    lname VARCHAR(30),
    hired DATE NOT NULL DEFAULT '1970-01-01',
    separated DATE NOT NULL DEFAULT '9999-12-31',
    job_code INT NOT NULL,
    store_id INT NOT NULL
)
PARTITION BY RANGE COLUMNS (lname)  (
    PARTITION p0 VALUES LESS THAN ('g'),
    PARTITION p1 VALUES LESS THAN ('m'),
    PARTITION p2 VALUES LESS THAN ('t'),
    PARTITION p3 VALUES LESS THAN (MAXVALUE)
);
```

或者，您可以通过执行以下 [`ALTER TABLE`](https://dev.mysql.com/doc/refman/8.0/en/alter-table-partition-operations.html) 语句，使用此方案对以前创建的 `employees` 表进行分区 :

```sql
ALTER TABLE employees PARTITION BY RANGE COLUMNS (lname)  (
    PARTITION p0 VALUES LESS THAN ('g'),
    PARTITION p1 VALUES LESS THAN ('m'),
    PARTITION p2 VALUES LESS THAN ('t'),
    PARTITION p3 VALUES LESS THAN (MAXVALUE)
);
```

> **注意**
>
> 由于不同的字符集和排序规则具有不同的排序顺序，因此当使用字符串列作为分区列时，使用的字符集和排序规则可能影响由RANGE COLUMNS分区的表的哪个分区存储在给定行中。此外，在创建此类表之后更改给定数据库，表或列的字符集或排序规则可能会导致更改行的分布方式。例如，当使用区分大小写的排序规则时，`and` 在 `Andersen` 之前排序，但是当使用不区分大小写的排序规则时，反之亦然。
>
> 有关MySQL如何处理字符集和排序规则的信息，请参阅 [第10章: 字符集、排序规则、Unicode](https://dev.mysql.com/doc/refman/8.0/en/charset.html)。

类似地，您可以使 `employees` 表以这样的方式进行分区 : 每个行都存储在多个分区之一中，这些分区基于使用此处显示的 [`ALTER TABLE`](https://dev.mysql.com/doc/refman/8.0/en/alter-table-partition-operations.html) 语句雇用相应员工的工作年限间隔 :

```sql
ALTER TABLE employees PARTITION BY RANGE COLUMNS (hired)  (
    PARTITION p0 VALUES LESS THAN ('1970-01-01'),
    PARTITION p1 VALUES LESS THAN ('1980-01-01'),
    PARTITION p2 VALUES LESS THAN ('1990-01-01'),
    PARTITION p3 VALUES LESS THAN ('2000-01-01'),
    PARTITION p4 VALUES LESS THAN ('2010-01-01'),
    PARTITION p5 VALUES LESS THAN (MAXVALUE)
);
```

有关 `PARTITION BY RANGE COLUMNS` 语法的其他信息，请参见 [第13.1.20节"CREATE TABLE语法"](https://dev.mysql.com/doc/refman/8.0/en/create-table.html)。