### 23.3.1 Range和List的分区管理

以类似的方式处理 `Range` 和 `List` 分区的添加和删除，因此我们将在本节中讨论对这两种分区的管理。有关使用 `Hash` 或 `Key` 分区的表的信息，请参见 [第23.3.2节"HASH和KEY分区的管理"](https://dev.mysql.com/doc/refman/8.0/en/partitioning-management-hash-key.html)。

可以使用带有 `DROP PARTITION` 选项的 [`ALTER TABLE`](https://dev.mysql.com/doc/refman/8.0/en/alter-table-partition-operations.html) 语句来完成从 `RANGE` 或 `LIST` 分区的表中删除分区。假设您已创建一个按范围分区的表，然后使用以下 [`CREATE TABLE`](https://dev.mysql.com/doc/refman/8.0/en/create-table.html) 和 [`INSERT`](https://dev.mysql.com/doc/refman/8.0/en/insert.html) 语句填充10个记录 :

```sql
mysql> CREATE TABLE tr (id INT, name VARCHAR(50), purchased DATE)
    ->     PARTITION BY RANGE( YEAR(purchased) ) (
    ->         PARTITION p0 VALUES LESS THAN (1990),
    ->         PARTITION p1 VALUES LESS THAN (1995),
    ->         PARTITION p2 VALUES LESS THAN (2000),
    ->         PARTITION p3 VALUES LESS THAN (2005),
    ->         PARTITION p4 VALUES LESS THAN (2010),
    ->         PARTITION p5 VALUES LESS THAN (2015)
    ->     );
Query OK, 0 rows affected (0.28 sec)

mysql> INSERT INTO tr VALUES
    ->     (1, 'desk organiser', '2003-10-15'),
    ->     (2, 'alarm clock', '1997-11-05'),
    ->     (3, 'chair', '2009-03-10'),
    ->     (4, 'bookcase', '1989-01-10'),
    ->     (5, 'exercise bike', '2014-05-09'),
    ->     (6, 'sofa', '1987-06-05'),
    ->     (7, 'espresso maker', '2011-11-22'),
    ->     (8, 'aquarium', '1992-08-04'),
    ->     (9, 'study desk', '2006-09-16'),
    ->     (10, 'lava lamp', '1998-12-25');
Query OK, 10 rows affected (0.05 sec)
Records: 10  Duplicates: 0  Warnings: 0
```

您可以看到应该将哪些项插入到分区 `p2` 中，如下所示 :

```sql
mysql> SELECT * FROM tr
    ->     WHERE purchased BETWEEN '1995-01-01' AND '1999-12-31';
+------+-------------+------------+
| id   | name        | purchased  |
+------+-------------+------------+
|    2 | alarm clock | 1997-11-05 |
|   10 | lava lamp   | 1998-12-25 |
+------+-------------+------------+
2 rows in set (0.00 sec)
```

您还可以使用分区选择获取此信息，如下所示 :

```sql
mysql> SELECT * FROM tr PARTITION (p2);
+------+-------------+------------+
| id   | name        | purchased  |
+------+-------------+------------+
|    2 | alarm clock | 1997-11-05 |
|   10 | lava lamp   | 1998-12-25 |
+------+-------------+------------+
2 rows in set (0.00 sec)
```

有关更多信息，请参见 [第23.5节"分区选择"](https://dev.mysql.com/doc/refman/8.0/en/partitioning-selection.html)。

要删除名为 `p2` 的分区，请执行以下命令 :

```sql
mysql> ALTER TABLE tr DROP PARTITION p2;
Query OK, 0 rows affected (0.03 sec)
```

> **注意**
>
> [`NDBCLUSTER`](https://dev.mysql.com/doc/refman/8.0/en/mysql-cluster.html) 存储引擎不支持 `ALTER TABLE ... DROP PARTITION`。但是，它确实支持本章中描述的 [`ALTER TABLE`](https://dev.mysql.com/doc/refman/8.0/en/alter-table-partition-operations.html) 的其他与分区相关的扩展。

因此，您必须具有表的 [`DROP`](https://dev.mysql.com/doc/refman/8.0/en/privileges-provided.html#priv_drop) 特权才能在该表上执行 `ALTER TABLE ... DROP PARTITION`。

如果希望在保留表定义及其分区方案的同时删除所有分区中的所有数据，请使用 [`TRUNCATE TABLE`](https://dev.mysql.com/doc/refman/8.0/en/truncate-table.html) 语句。( 请参见 [第13.1.37节"TRUNCATE TABLE语法"](https://dev.mysql.com/doc/refman/8.0/en/truncate-table.html)。)

如果您打算在不丢失数据的情况下更改表的分区，请改用 `ALTER TABLE ... REORGANIZE PARTITION`。有关 `REORGANIZE PARTITION` 的信息，请参见下文或 [第13.1.9节"ALTER TABLE语法"](https://dev.mysql.com/doc/refman/8.0/en/alter-table.html)。

如果现在执行 [`SHOW CREATE TABLE`](https://dev.mysql.com/doc/refman/8.0/en/show-create-table.html) 语句，则可以看到表的分区组成是如何更改的 :

```sql
mysql> SHOW CREATE TABLE tr\G
*************************** 1. row ***************************
       Table: tr
Create Table: CREATE TABLE `tr` (
  `id` int(11) DEFAULT NULL,
  `name` varchar(50) DEFAULT NULL,
  `purchased` date DEFAULT NULL
) ENGINE=InnoDB DEFAULT CHARSET=latin1
/*!50100 PARTITION BY RANGE ( YEAR(purchased))
(PARTITION p0 VALUES LESS THAN (1990) ENGINE = InnoDB,
 PARTITION p1 VALUES LESS THAN (1995) ENGINE = InnoDB,
 PARTITION p3 VALUES LESS THAN (2005) ENGINE = InnoDB,
 PARTITION p4 VALUES LESS THAN (2010) ENGINE = InnoDB,
 PARTITION p5 VALUES LESS THAN (2015) ENGINE = InnoDB) */
1 row in set (0.00 sec)
```

当您使用 `1995-01-01` 和 `2004-12-31` 之间的已购买列值在已更改的表中插入新行时，这些行将存储在分区 `p3` 中。您可以按如下方式验证 :

```sql
mysql> INSERT INTO tr VALUES (11, 'pencil holder', '1995-07-12');
Query OK, 1 row affected (0.00 sec)

mysql> SELECT * FROM tr WHERE purchased
    -> BETWEEN '1995-01-01' AND '2004-12-31';
+------+----------------+------------+
| id   | name           | purchased  |
+------+----------------+------------+
|    1 | desk organiser | 2003-10-15 |
|   11 | pencil holder  | 1995-07-12 |
+------+----------------+------------+
2 rows in set (0.00 sec)

mysql> ALTER TABLE tr DROP PARTITION p3;
Query OK, 0 rows affected (0.03 sec)

mysql> SELECT * FROM tr WHERE purchased
    -> BETWEEN '1995-01-01' AND '2004-12-31';
Empty set (0.00 sec)
```

使用 `ALTER TABLE ... DROP PARTITION` 命令删除的行数 … 服务器不会像使用等效的 [`DELETE`](https://dev.mysql.com/doc/refman/8.0/en/delete.html) 查询那样报告删除分区。

删除 `LIST` 分区使用与删除 `RANGE` 分区完全相同的 `ALTER TABLE ... DROP PARTITION` 语法。但是，之后对表的使用有一个重要的区别 : 您不能再向表中插入任何具有定义已删除分区的值列表中包含的值的行。( 有关示例，请参见 [第23.2.2节"列表分区"](https://dev.mysql.com/doc/refman/8.0/en/partitioning-list.html)。)

要将新范围或列表分区添加到先前分区的表，请使用 `ALTER TABLE ... ADD PARTITION` 语句。对于由 `RANGE`分区的表，可以使用此范围将新范围添加到现有分区列表的末尾。假设您有一个包含组织成员资格数据的分区表，其定义如下 :

```sql
CREATE TABLE members (
    id INT,
    fname VARCHAR(25),
    lname VARCHAR(25),
    dob DATE
)
PARTITION BY RANGE( YEAR(dob) ) (
    PARTITION p0 VALUES LESS THAN (1980),
    PARTITION p1 VALUES LESS THAN (1990),
    PARTITION p2 VALUES LESS THAN (2000)
);
```

进一步假设成员的最低年龄是16岁。随着日历接近2015年底，您意识到您将很快接纳2000年 ( 及之后 ) 出生的成员。您可以修改成员表以适应2000年至2010年出生的新成员，如下所示 :

```sql
ALTER TABLE members ADD PARTITION (PARTITION p3 VALUES LESS THAN (2010));
```

对于按范围分区的表，只能使用 `ADD PARTITION` 将新分区添加到分区列表的顶端。尝试以这种方式在现有分区之间或之前添加新分区会导致如下错误 :

```sql
mysql> ALTER TABLE members
     >     ADD PARTITION (
     >     PARTITION n VALUES LESS THAN (1970));
ERROR 1463 (HY000): VALUES LESS THAN value must be strictly »
   increasing for each partition
```

您可以通过将第一个分区重新组织为两个新分区来解决这个问题，这两个分区分割它们之间的范围，如下所示 :

```sql
ALTER TABLE members
    REORGANIZE PARTITION p0 INTO (
        PARTITION n0 VALUES LESS THAN (1970),
        PARTITION n1 VALUES LESS THAN (1980)
);
```

使用 [`SHOW CREATE TABLE`](https://dev.mysql.com/doc/refman/8.0/en/show-create-table.html)，您可以看到 `ALTER TABLE` 语句具有所需的效果 :

```sql
mysql> SHOW CREATE TABLE members\G
*************************** 1. row ***************************
       Table: members
Create Table: CREATE TABLE `members` (
  `id` int(11) DEFAULT NULL,
  `fname` varchar(25) DEFAULT NULL,
  `lname` varchar(25) DEFAULT NULL,
  `dob` date DEFAULT NULL
) ENGINE=InnoDB DEFAULT CHARSET=latin1
/*!50100 PARTITION BY RANGE ( YEAR(dob))
(PARTITION n0 VALUES LESS THAN (1970) ENGINE = InnoDB,
 PARTITION n1 VALUES LESS THAN (1980) ENGINE = InnoDB,
 PARTITION p1 VALUES LESS THAN (1990) ENGINE = InnoDB,
 PARTITION p2 VALUES LESS THAN (2000) ENGINE = InnoDB,
 PARTITION p3 VALUES LESS THAN (2010) ENGINE = InnoDB) */
1 row in set (0.00 sec)
```

另请参见 [第13.1.9.1节"ALTER TABLE分区操作"](https://dev.mysql.com/doc/refman/8.0/en/alter-table-partition-operations.html)。

您还可以使用 `ALTER TABLE ... ADD PARTITION` 将新分区添加到由LIST分区的表中。假设使用以下 [`CREATE TABLE`](https://dev.mysql.com/doc/refman/8.0/en/create-table.html) 语句定义了表 `tt` :

```sql
CREATE TABLE tt (
    id INT,
    data INT
)
PARTITION BY LIST(data) (
    PARTITION p0 VALUES IN (5, 10, 15),
    PARTITION p1 VALUES IN (6, 12, 18)
);
```

您可以添加一个新分区来存储具有 `data` 列值 `7`、`14` 和 `21` 的行，如下所示 :

```sql
ALTER TABLE tt ADD PARTITION (PARTITION p2 VALUES IN (7, 14, 21));
```

请记住，不能添加包含现有分区的值列表中已包含的任何值的新列表分区。如果尝试这样做，将导致错误 :

```sql
mysql> ALTER TABLE tt ADD PARTITION 
     >     (PARTITION np VALUES IN (4, 8, 12));
ERROR 1465 (HY000): Multiple definition of same constant »
                    in list partitioning
```

由于任何具有 `data` 列值 `12` 的行都已分配给分区 `p1`，因此无法在表 `tt` 上创建一个新值，该分区在其值列表中包含 `12`。要完成此操作，您可以删除 `p1`，然后添加 `np`，然后添加具有修改定义的新p1。 但是，如前所述，这会导致丢失存储在 `p1` 中的所有数据，而且通常情况下这不是您真正想要做的事情。另一个解决方案似乎是使用新分区制作表的副本，并使用 [`CREATE TABLE ... SELECT …`](https://dev.mysql.com/doc/refman/8.0/en/create-table.html) 将数据复制到其中，然后删除旧表并重命名新表，但这可能在处理大量数据时非常耗时。在需要高可用性的情况下，这也可能不可行。

您可以在单个 `ALTER TABLE ... ADD PARTITION` 语句中添加多个分区，如下所示 :

```sql
CREATE TABLE employees (
  id INT NOT NULL,
  fname VARCHAR(50) NOT NULL,
  lname VARCHAR(50) NOT NULL,
  hired DATE NOT NULL
)
PARTITION BY RANGE( YEAR(hired) ) (
  PARTITION p1 VALUES LESS THAN (1991),
  PARTITION p2 VALUES LESS THAN (1996),
  PARTITION p3 VALUES LESS THAN (2001),
  PARTITION p4 VALUES LESS THAN (2005)
);

ALTER TABLE employees ADD PARTITION (
    PARTITION p5 VALUES LESS THAN (2010),
    PARTITION p6 VALUES LESS THAN MAXVALUE
);
```

幸运的是，MySQL的分区实现提供了重新定义分区而不会丢失数据的方法。让我们首先看一下涉及 `RANGE` 分区的几个简单示例。回想一下现在定义的成员表，如下所示 :

```sql
mysql> SHOW CREATE TABLE members\G
*************************** 1. row ***************************
       Table: members
Create Table: CREATE TABLE `members` (
  `id` int(11) DEFAULT NULL,
  `fname` varchar(25) DEFAULT NULL,
  `lname` varchar(25) DEFAULT NULL,
  `dob` date DEFAULT NULL
) ENGINE=InnoDB DEFAULT CHARSET=latin1
/*!50100 PARTITION BY RANGE ( YEAR(dob))
(PARTITION n0 VALUES LESS THAN (1970) ENGINE = InnoDB,
 PARTITION n1 VALUES LESS THAN (1980) ENGINE = InnoDB,
 PARTITION p1 VALUES LESS THAN (1990) ENGINE = InnoDB,
 PARTITION p2 VALUES LESS THAN (2000) ENGINE = InnoDB,
 PARTITION p3 VALUES LESS THAN (2010) ENGINE = InnoDB) */
1 row in set (0.00 sec)
```

假设您想将表示1960年之前出生的成员的所有行移动到单独的分区中。 正如我们已经看到的，使用 [`ALTER TABLE ... ADD PARTITION`](https://dev.mysql.com/doc/refman/8.0/en/alter-table-partition-operations.html) 无法做到这一点。但是，您可以使用另一个与 [`ALTER TABLE`](https://dev.mysql.com/doc/refman/8.0/en/alter-table-partition-operations.html) 相关的分区扩展来完成此任务 :

```sql
ALTER TABLE members REORGANIZE PARTITION n0 INTO (
    PARTITION s0 VALUES LESS THAN (1960),
    PARTITION s1 VALUES LESS THAN (1970)
);
```

实际上，该命令将分区 `p0` 分成两个新分区 `s0` 和 `s1`。它还根据两个 `PARTITION ... VALUES …` 子句中包含的规则将存储在 `p0` 中的数据移动到新分区中，这样 `s0` 只包含 [`YEAR(dob)`](https://dev.mysql.com/doc/refman/8.0/en/date-and-time-functions.html#function_year) 小于1960的记录。`s1` 包含 [`YEAR(dob)`](https://dev.mysql.com/doc/refman/8.0/en/date-and-time-functions.html#function_year) 大于或等于1960但小于1970的那些行。

`REORGANIZE PARTITION` 子句也可用于合并相邻分区。您可以反转前一个语句对成员表的影响，如下所示 :

```sql
ALTER TABLE members REORGANIZE PARTITION s0,s1 INTO (
    PARTITION p0 VALUES LESS THAN (1970)
);
```

使用 `REORGANIZE PARTITION` 分割或合并分区时不会丢失任何数据。在执行上述语句时，MySQL将存储在分区 `s0` 和 `s1` 中的所有记录移动到分区 `p0` 中。

`REORGANIZE PARTITION` 的一般语法如下所示 :

```sql
ALTER TABLE tbl_name
    REORGANIZE PARTITION partition_list
    INTO (partition_definitions);
```

这里，`tbl_name` 是分区表的名称，`partition_list` 是要更改的一个或多个现有分区的名称的逗号分隔列表。`partition_definitions` 是以逗号分隔的新分区定义列表，它遵循与 [`CREATE TABLE`](https://dev.mysql.com/doc/refman/8.0/en/create-table.html) 中使用的 `partition_definitions` 列表相同的规则。使用 `REORGANIZE PARTITION` 时，您不限于将多个分区合并为一个分区，或将一个分区拆分为多个分区。例如，您可以将 `members` 表的所有四个分区重新组织为两个，如下所示 :

```sql
ALTER TABLE members REORGANIZE PARTITION p0,p1,p2,p3 INTO (
    PARTITION m0 VALUES LESS THAN (1980),
    PARTITION m1 VALUES LESS THAN (2000)
);
```

您还可以对由 `LIST` 分区的表使用 `REORGANIZE PARTITION`。让我们回到向列表分区的tt表添加新分区并失败的问题，因为新分区的值已经存在于其中一个现有分区的值列表中。我们可以通过添加仅包含非冲突值的分区来处理此问题，然后重新组织新分区和现有分区，以便现在存储在现有分区中的值移动到新分区 :

```sql
ALTER TABLE tt ADD PARTITION (PARTITION np VALUES IN (4, 8));
ALTER TABLE tt REORGANIZE PARTITION p1,np INTO (
    PARTITION p1 VALUES IN (6, 18),
    PARTITION np VALUES in (4, 8, 12)
);
```

以下是使用 `ALTER TABLE ... REORGANIZE PARTITION` 重新分区由 `RANGE` 或 `LIST` 分区的表时要记住的一些要点 :

- 用于确定新分区方案的 `PARTITION` 选项遵循与 [`CREATE TABLE`](https://dev.mysql.com/doc/refman/8.0/en/create-table.html) 语句使用的规则相同的规则。

  新的 `RANGE` 分区方案不能有任何重叠范围；新的 `LIST` 分区方案不能具有任何重叠的值集。

- `partition_definitions` 列表中的分区组合应该考虑与 `partition_list` 中指定的组合分区相同的整个值范围或值集。

  例如，分区 `p1` 和 `p2` 一起涵盖了本节中用作示例的成员表中的1980年到1999年。这两个分区的任何重组都应涵盖相同的年份范围。

- 对于由 `RANGE` 分区的表，您只能重新组织相邻的分区；你不能跳过范围分区。

  例如，您无法使用以 `ALTER TABLE members REORGANIZE PARTITION p0，p2 INTO …` 重新组织示例成员表。因为 `p0` 涵盖1970年之前的年份而 `p2` 涵盖1990年至1999年之间的年份，因此这些不是相邻的分区。( 在这种情况下，您不能跳过分区 `p1`。)

- 您不能使用 `REORGANIZE PARTITION` 来更改表使用的分区类型 ( 例如，您不能将 `RANGE` 分区更改为 `HASH` 分区或反之 )。您也不能使用此语句来更改分区表达式或列。要完成这些任务中的任何一个而不删除和重新创建表，可以使用 [`ALTER TABLE ... PARTITION BY …`](https://dev.mysql.com/doc/refman/8.0/en/alter-table-partition-operations.html)，如下所示 :

  ```sql
  ALTER TABLE members
      PARTITION BY HASH( YEAR(dob) )
      PARTITIONS 8;
  ```

